{
    "keep": {
        "days": true,
        "amount": 14
    },
    "auditLog": "logs\\.3d812ca619917cd5b4d9c623532b2c7760d91afd-audit.json",
    "files": [
        {
            "date": 1719264340633,
            "name": "logs\\application-2024-06-25.log",
            "hash": "15fba5a68d04f63706ab72eadf719c0acf7497bdaa3ac3ab0f346d18d4a0f832"
        },
        {
            "date": 1719349454931,
            "name": "logs\\application-2024-06-26.log",
            "hash": "f3a2567c1cc54f68a497955b1dbef67f43ceb82d657e573ddfee232f47930cae"
        },
        {
            "date": 1719496760995,
            "name": "logs\\application-2024-06-27.log",
            "hash": "0fceef429c114567ee5f12cd5c7f068ada831482e8eeec01ee6caced13e405b0"
        },
        {
            "date": 1719522746308,
            "name": "logs\\application-2024-06-28.log",
            "hash": "a7491ea1b9898019e845bd9255239151d875ed2ef703af016fa76086ab8e092f"
        },
        {
            "date": 1719696750969,
            "name": "logs\\application-2024-06-30.log",
            "hash": "4998347bdade3d9319806846bb55250c83466176bd0470451980cbfe2265fda8"
        },
        {
            "date": 1719782526346,
            "name": "logs\\application-2024-07-01.log",
            "hash": "63f8c7c008778318c44d39172c174af4772d3cd2b43a3357531b331db2beac92"
        },
        {
            "date": 1719867634531,
            "name": "logs\\application-2024-07-02.log",
            "hash": "9a96340a88fb6808aa5744549279444115337bb197dd9addedbfd7d61e896b60"
        },
        {
            "date": 1719955286878,
            "name": "logs\\application-2024-07-03.log",
            "hash": "3d6511e3ddd6eb5da79d7034f57d7ac3d10729140ec9a5031011372c452fa69d"
        },
        {
            "date": 1720042457382,
            "name": "logs\\application-2024-07-04.log",
            "hash": "040c88ec269b620aa1b3d0c20ae8d982445d17c5295dfaee6890db0a75531791"
        },
        {
            "date": 1720300674543,
            "name": "logs\\application-2024-07-07.log",
            "hash": "7ca3e81781ade3174e5b34fde520fd9ecaa06e81e8fc7b7c30eab9ab452467c7"
        },
        {
            "date": 1720386111098,
            "name": "logs\\application-2024-07-08.log",
            "hash": "e710566570c51d97e33d041fa064d8e156aeee28edf0a27f83430f5c05c8d4fe"
        },
        {
            "date": 1720472402838,
            "name": "logs\\application-2024-07-09.log",
            "hash": "10eb9a8c53694fcfaf1df98e5875c8d89b9d8c7084aefcaadd30703b55d7beca"
        }
    ],
    "hashType": "sha256"
}