{
    "keep": {
        "days": true,
        "amount": 14
    },
    "auditLog": "logs\\.f60d55be0571f32693dbb22b8e52d8bec065e1f6-audit.json",
    "files": [
        {
            "date": 1719264340644,
            "name": "logs\\applicationError-2024-06-25.log",
            "hash": "4eb1fec42faac60160b9c095a6922da54feb985f349283a85d02ff5c6fa71d38"
        },
        {
            "date": 1719349454933,
            "name": "logs\\applicationError-2024-06-26.log",
            "hash": "0a82026a14c6b5df8e0f60f14147f322e608f90bf1ab45880a6c4939e8acb76f"
        },
        {
            "date": 1719496760999,
            "name": "logs\\applicationError-2024-06-27.log",
            "hash": "0aebd6d16fb95c1b25e35bb6aa0eec1a73d19562bfc303d5af4da2634db1b737"
        },
        {
            "date": 1719522746311,
            "name": "logs\\applicationError-2024-06-28.log",
            "hash": "ea6165f57c9aef15cc0609a31ad808bdc087b91452d899999f0b88b62afbece9"
        },
        {
            "date": 1719696750974,
            "name": "logs\\applicationError-2024-06-30.log",
            "hash": "04f708d58958326ac1a007512efa289de1cae6c7b2906f0f58c262268f36227f"
        },
        {
            "date": 1719782526350,
            "name": "logs\\applicationError-2024-07-01.log",
            "hash": "dd502e38be88f29c322a98473de96dada4679e1d38f642696fca56a98156c3e3"
        },
        {
            "date": 1719867634534,
            "name": "logs\\applicationError-2024-07-02.log",
            "hash": "a4ddf8d616d8bded2b5f2af7d1138ff0abffe261f0b761e30697bbdd054d98d6"
        },
        {
            "date": 1719955286882,
            "name": "logs\\applicationError-2024-07-03.log",
            "hash": "3fb473b0c159a78f0f71a04201b968b342290a623c31c97cd11fcfbfbd67b035"
        },
        {
            "date": 1720042457385,
            "name": "logs\\applicationError-2024-07-04.log",
            "hash": "158434336ba23aade16324b589ef6cb9d71fe376cf500c7643ef2d85c06a2b4a"
        },
        {
            "date": 1720300674547,
            "name": "logs\\applicationError-2024-07-07.log",
            "hash": "401671555a0f2c384c61e1b66e8c8dc55148c92f869c408185e3d8d4a277fe82"
        },
        {
            "date": 1720386111106,
            "name": "logs\\applicationError-2024-07-08.log",
            "hash": "a5fe14f6e193c2d451120654c010d0aa47bc0c05ffb0ee7bbee7502f5954478f"
        },
        {
            "date": 1720472402843,
            "name": "logs\\applicationError-2024-07-09.log",
            "hash": "4e5a804200332bcac192a6e5aa6e3ad414b102418aefcba5a3c0a96555bced85"
        }
    ],
    "hashType": "sha256"
}